"Word","Description"
"культуристеричность",
"многогранникчёмность",
"лимонадбровье",
"лазернистость",
"приморецидивист",
"погостровитянин",
"однообразноглазие",
"ворошиловградионавигация",
"рецептарабарщина",
"свёкорнет",
"регенераторжествование",
"колхозникчёмность",
"старостановление",
"вскактус",
"доводораспылитель",
"сейсмикролитражка",
"фотоискусстворожник",
"неоромантиканье",
"архаистерика",
"рукодельникотин",
"клиперистальтика",
"придатокоотвод",
"копропращур",
"спортсменьшевик",
"скопидомоустройство",
"скалозубрёж",
"обездеятельность",
"блювалька",
"вообразгибатель",
"высвистерика",
"гастарбайтерра",
"макаброксилаза",
"возненавидеоматериал",
"пропиленинградец",
"мелодраматизмученность",
"санинструкторфорезка",
"кисказочник",
"антропофигист",
"царьградиовышка",
"позвольтерьянство",
"паркурьер",
"отворчун",
"трансстегай",
"академикрометр",
"гамакогон",
"обормотель",
"животноводород",
"реакционервация",
"достойлицо",
"домкомпьютерщик",
"брокколимпиада",
"гномикропрограмма",
"критицизменщик",
"пьесказка",
"беспричинаугурация",
"рекрутстворение",
"загвозбуждённость",
"храбростроумец",
"простолковость",
"панджабитуриент",
"женеравенство",
"промертвятина",
"щетинникарагуа",
"бездельничестворение",
"пониматериал",
"администранноприимец",
"фашистеричка",
"волейболезнеустойчивость",
"вендиспансердцеедство",
"солдатоварообмен",
"брежневозвращенка",
"пармезануда",
"суперпарамагнетизменница",
"биополеневодство",
"маскарадиоизлучение",
"холодильниктофобия",
"варантагонизм",
"шайтанцовщик",
"противоположностановка",
"вообразорительница",
"ипохондрическотство",
"одногодоказуемость",
"сиротинушкаре",
"математереубийство",
"скрепервопроходчик",
"пупоказушник",
"пробормотка",
"еретизмеритель",
"геймерзопакостность",
"бабниктофобия",
"подписантиципатия",
"ноготоксичность",
"магнатиск",
"упадничестворение",
"мультимиллиардерматоз",
"берестабилизатор",
"альпакгауз",
"конформерзопакость",
"легитимизменник",
"мусородич",
"соблизывание",
"возможностолбенелость",
"наймиттельшнауцер",
"евангелистязание",
"респираторчок",
"увлекаталог",
"танкодесантиамериканизм",
"боксюморон",
"братанк",
"примитивизменница",
"хлебозаводобоязнь",
"неврастеникон",
"гордостеодистрофия",
"беспристрансцендентализм",
"оккупантипатичность",
"трипперекрещивание",
"ослопотун",
"бисексуализмятость",
"своеобразговение",
"трезвенникудышность",
"роддомна",
"женсоветеранство",
"тургордость",
"иеромонахлебник",
"массажистеблишмент",
"таксистер",
"ингибиторговка",
"судорогарем",
"массажистукан",
"разнообразлитие",
"авиадиспетчертяка",
"ломикрохирургия",
"дуракетоноситель",
"кистачечница",
